	POG	KZM
A[C>A]A	0.0	0.0
A[C>A]C	0.0	0.0
A[C>A]G	0.0	0.0
A[C>A]T	0.0	0.0
C[C>A]A	0.0	0.0
C[C>A]C	0.003081533	0.010352336
C[C>A]G	0.0	0.0024769069
C[C>A]T	0.05277639	0.09849348
G[C>A]A	0.0	0.0024962677
G[C>A]C	0.15846772	0.057918977
G[C>A]G	0.0	0.0046021547
G[C>A]T	0.0	0.0
T[C>A]A	0.0	0.0
T[C>A]C	0.0	0.0042517404
T[C>A]G	0.0	0.0
T[C>A]T	0.007034795	0.0
A[C>G]A	0.003285856	0.0
A[C>G]C	0.0	0.0
A[C>G]G	0.0	0.0028454994
A[C>G]T	0.0	0.0
C[C>G]A	0.0	0.0024911512
C[C>G]C	0.00832054	0.0
C[C>G]G	0.0	0.0
C[C>G]T	0.0	0.0
G[C>G]A	0.0	0.0035653077
G[C>G]C	0.055752028	0.08682919
G[C>G]G	0.0	0.0
G[C>G]T	0.0	0.0
T[C>G]A	0.0	0.01696646
T[C>G]C	0.0	0.0
T[C>G]G	0.039185792	0.0027456265
T[C>G]T	0.0	0.0
A[C>T]A	0.0	0.0065584434
A[C>T]C	0.01695352	0.020192415
A[C>T]G	0.011593923	0.0
A[C>T]T	0.0025725944	0.050211202
C[C>T]A	0.0	0.0068675065
C[C>T]C	0.26899034	0.17916438
C[C>T]G	0.0	0.003849555
C[C>T]T	0.015895015	0.050835513
G[C>T]A	0.006343439	0.0
G[C>T]C	0.019231025	0.0
G[C>T]G	0.0069288677	0.0
G[C>T]T	0.0	0.0043895994
T[C>T]A	0.0	0.003163155
T[C>T]C	0.0	0.0027037342
T[C>T]G	0.003259154	0.0
T[C>T]T	0.0	0.0032352277
A[T>A]A	0.0	0.023406116
A[T>A]C	0.0039272076	0.0072583584
A[T>A]G	0.037226774	0.0031301694
A[T>A]T	0.0	0.0
C[T>A]A	0.044630487	0.0
C[T>A]C	0.0	0.056487873
C[T>A]G	0.003462847	0.03273614
C[T>A]T	0.0439766	0.026953857
G[T>A]A	0.0	0.0029962296
G[T>A]C	0.017636778	0.0061837006
G[T>A]G	0.0	0.014544121
G[T>A]T	0.01039542	0.003200292
T[T>A]A	0.0	0.0
T[T>A]C	0.006398437	0.0
T[T>A]G	0.0075153927	0.0046598907
T[T>A]T	0.007763495	0.0
A[T>C]A	0.0	0.0
A[T>C]C	0.0	0.03713151
A[T>C]G	0.0	0.0029747295
A[T>C]T	0.0	0.007926491
C[T>C]A	0.0	0.0
C[T>C]C	0.004128973	0.0
C[T>C]G	0.0	0.0031512491
C[T>C]T	0.020626554	0.0
G[T>C]A	0.0	0.008369626
G[T>C]C	0.0721089	0.0
G[T>C]G	0.0	0.0
G[T>C]T	0.004085519	0.0
T[T>C]A	0.0	0.025515713
T[T>C]C	0.0	0.0
T[T>C]G	0.0	0.0
T[T>C]T	0.0	0.0046635508
A[T>G]A	0.0	0.0032478976
A[T>G]C	0.0	0.015949344
A[T>G]G	0.0	0.0
A[T>G]T	0.0	0.0
C[T>G]A	0.0	0.0
C[T>G]C	0.0035343526	0.011279637
C[T>G]G	0.0	0.0
C[T>G]T	0.0	0.01166591
G[T>G]A	0.0	0.0030901022
G[T>G]C	0.023180224	0.0
G[T>G]G	0.0	0.0056074816
G[T>G]T	0.0073163407	0.013381213
T[T>G]A	0.0	0.0
T[T>G]C	0.0	0.0
T[T>G]G	0.0024131304	0.026883567
T[T>G]T	0.0	0.0103993565
